Query.Mass,Matched.Compound,Matched.Form,Retention.Time,Mass.Diff,Empirical.Compound
426.991928929905,C00015,M+Na [1+],248.3025,0.000513983904966153,EC0001
348.070767866109,C00020,M+H [1+],306.5855,0.000407527109018702,EC0002
130.050006468106,C00025,M-H2O+H [1+],508.349,0.000172220335997508,EC0003
130.05003235712,C00025,M-H2O+H [1+],275.958,0.000198109349980768,EC0004
130.050047905574,C00025,M-H2O+H [1+],687.9345,0.000213657803982414,EC0005
130.050060936078,C00025,M-H2O+H [1+],339.9925,0.000226688308003986,EC0004
130.050212727512,C00025,M-H2O+H [1+],1052.642,0.000378479741982574,EC0006
148.060858216062,C00025,M+H [1+],279.065,0.000424435062001294,EC0004
170.041721886347,C00025,M+Na [1+],308.787,0.000653894652998588,EC0004
170.04244950864,C00025,M+Na [1+],279.722,7.37276400002429e-05,EC0004
129.018389605565,C00026,M-H2O+H [1+],530.792,0.000189836795016163,EC0007
129.018393239487,C00026,M-H2O+H [1+],339.3405,0.000193470717022137,EC0008
147.029174773276,C00026,M+H [1+],530.809,0.00037547127601556,EC0007
169.01085488493,C00026,M+Na [1+],322.682,0.000113582930026723,EC0008
163.060094741005,C00031,M-H2O+H [1+],324.459,3.01582350061835e-05,EC0009
181.071016974499,C00031,M+H [1+],348.586,0.000352858499013564,EC0009
181.071018883403,C00031,M+H [1+],438.0305,0.000354767403024425,EC0009
198.097316033729,C00031,M+NH4 [1+],326.893,0.000104917728975806,EC0009
203.052682945384,C00031,M+Na [1+],1724.628,7.68293839996659e-05,EC00010
203.05271998889,C00031,M+Na [1+],277.978,0.000113872890011635,EC00011
203.052728767939,C00031,M+Na [1+],359.36,0.000122651938994522,EC0009
203.052743114194,C00031,M+Na [1+],316.6515,0.000136998193994486,EC0009
219.026700339592,C00031,M+K [1+],277.1125,0.000154223592005565,EC00011
219.026715441331,C00031,M+K [1+],314.3865,0.000169325331000891,EC0009
91.0388998333437,C00031,M+2H [2+],348.515,7.02246562980235e-05,EC0009
91.038935064777,C00031,M+2H [2+],438.0865,3.49932230108152e-05,EC0009
112.037086789862,C00041,M+Na [1+],274.622,0.000190316861989004,EC00012
90.054866238269,C00041,M+H [1+],322.338,8.82347310096065e-05,EC00012
90.0548831415654,C00041,M+H [1+],292.643,7.13314346114657e-05,EC00012
101.023401493731,C00042,M-H2O+H [1+],655.91,0.000116346961007707,EC00013
141.01606135372,C00042,M+Na [1+],656.2785,0.00023467372000141,EC00013
141.016078148134,C00042,M+Na [1+],508.981,0.000251468133996013,EC00014
147.113143475773,C00047,M+H [1+],250.7095,0.000339773773021079,EC00015
147.113404035782,C00047,M+H [1+],305.5735,0.000600333782017515,EC00016
169.094685362463,C00047,M+Na [1+],260.306,6.03395369864757e-05,EC00015
185.068377052507,C00047,M+K [1+],260.317,0.00030864949297893,EC00015
307.083709435796,C00051,M [1+],307.012,0.000100564204046805,EC00017
308.090112799895,C00051,M+H [1+],308.554,0.000973200105022443,EC00017
308.091508392817,C00051,M+H [1+],434.0515,0.000422392816972206,EC00018
306.048544655248,C00055,M-H2O+H [1+],296.179,1.72374780049722e-05,EC00019
175.118923554997,C00062,M+H [1+],309.032,2.81570029869727e-05,EC00020
175.119266080672,C00062,M+H [1+],273.922,0.000314368672007959,EC00020
197.101060070323,C00062,M+Na [1+],272.195,0.000166358323014038,EC00020
129.065939677386,C00064,M-H2O+H [1+],1711.0225,0.000121014616013326,EC00021
129.065952741005,C00064,M-H2O+H [1+],287.633,0.000134078234992785,EC00022
129.065972950365,C00064,M-H2O+H [1+],1685.632,0.000154287594995139,EC00021
129.066029249114,C00064,M-H2O+H [1+],1598.4665,0.000210586343996511,EC00023
147.076642882391,C00064,M+H [1+],1733.153,0.000224686391021578,EC00021
147.076766397891,C00064,M+H [1+],275.969,0.000348201891000599,EC00022
147.076812170778,C00064,M+H [1+],321.135,0.000393974778006623,EC00022
169.058295312213,C00064,M+Na [1+],313.858,6.48837869903218e-05,EC00022
169.058319958809,C00064,M+Na [1+],274.451,4.02371910013244e-05,EC00022
150.058719218802,C00073,M+H [1+],332.4205,0.00039392780200842,EC00024
150.058744159394,C00073,M+H [1+],439.074,0.000418868394007177,EC00025
172.040481477092,C00073,M+Na [1+],313.883,0.000214186091994861,EC00024
172.040595864481,C00073,M+Na [1+],440.125,0.000328573480999239,EC00025
115.086712773681,C00077,M-H2O+H [1+],250.215,0.000158668911012683,EC00026
133.097325648337,C00077,M+H [1+],250.2305,0.000172010337024631,EC00026
155.079542620256,C00077,M+Na [1+],260.299,0.000446982256022466,EC00026
204.089062495284,C00078,M [1+],763.266,0.000815142715993034,EC00027
205.097238803022,C00078,M+H [1+],763.606,8.51650220283773e-05,EC00027
227.079338726488,C00078,M+Na [1+],761.085,0.000243088488019794,EC00027
148.076104481203,C00079,M-H2O+H [1+],718.032,0.000449413433017298,EC00028
166.086017936165,C00079,M+H [1+],718.033,0.000236664834972089,EC00028
188.068338676491,C00079,M+Na [1+],718.03,0.000142075491027072,EC00028
204.042178062475,C00079,M+K [1+],718.0315,4.14614750070541e-05,EC00028
182.081403366075,C00082,M+H [1+],649.6135,0.000234143075005022,EC00029
182.08143703503,C00082,M+H [1+],344.3555,0.000267812030017467,EC00030
204.063191611854,C00082,M+Na [1+],647.8565,8.0388854001967e-05,EC00029
220.037176478834,C00082,M+K [1+],645.6055,0.000125255834007021,EC00029
61.0397640441321,C00086,M+H [1+],286.722,0.000125284132103332,EC00031
61.0397715845746,C00086,M+H [1+],325.315,0.000132824574606616,EC00032
83.0213863560072,C00086,M+Na [1+],286.8835,0.000194403992807679,EC00031
98.9954710387283,C00086,M+K [1+],287.1215,4.9721271707881e-05,EC00031
325.112957449347,C00089,M-H2O+H [1+],277.8195,6.94365770073091e-05,EC00033
325.113120232059,C00089,M-H2O+H [1+],324.472,0.000232219288989199,EC00034
343.123600572039,C00089,M+H [1+],325.041,0.000113026039002762,EC00034
163.060094741005,C00095,M-H2O+H [1+],324.459,2.82742350066201e-05,EC0009
181.071016974499,C00095,M+H [1+],348.586,0.000350974499014001,EC0009
181.071018883403,C00095,M+H [1+],438.0305,0.000352883403024862,EC0009
198.097316033729,C00095,M+NH4 [1+],326.893,0.000103033728976243,EC0009
203.052682945384,C00095,M+Na [1+],1724.628,7.49453840001024e-05,EC00010
203.05271998889,C00095,M+Na [1+],277.978,0.000111988890012071,EC00011
203.052728767939,C00095,M+Na [1+],359.36,0.000120767938994959,EC0009
203.052743114194,C00095,M+Na [1+],316.6515,0.000135114193994923,EC0009
219.026700339592,C00095,M+K [1+],277.1125,0.000152339592006001,EC00011
219.026715441331,C00095,M+K [1+],314.3865,0.000167441331001328,EC0009
91.0388998333437,C00095,M+2H [2+],348.515,7.11666562978053e-05,EC0009
91.038935064777,C00095,M+2H [2+],438.0865,3.59352230105969e-05,EC0009
588.071506364016,C00096,M-H2O+H [1+],277.375,0.00232290375402044,EC00035
588.071540935145,C00096,M-H2O+H [1+],319.696,0.00228833262508488,EC00036
112.037086789862,C00099,M+Na [1+],274.622,0.000190316861989004,EC00012
90.054866238269,C00099,M+H [1+],322.338,8.82347310096065e-05,EC00012
90.0548831415654,C00099,M+H [1+],292.643,7.13314346114657e-05,EC00012
125.021075643973,C00109,M+Na [1+],513.402,0.000163585973012914,EC00037
125.021131775763,C00109,M+Na [1+],474.9575,0.000219717763002336,EC00037
115.036703832205,C00116,M+Na [1+],290.8045,0.000141710205014078,EC00038
131.010631152139,C00116,M+K [1+],291.0055,0.000129030139021324,EC00038
245.095565553449,C00120,M+H [1+],817.796,0.000126475449008012,EC00039
267.077995802955,C00120,M+Na [1+],817.796,0.00061472495497128,EC00039
168.086534893191,C00121,M+NH4 [1+],436.114,0.000111536809015433,EC00040
173.042485142006,C00121,M+Na [1+],311.846,0.000443712006017449,EC00041
173.042765716879,C00121,M+Na [1+],437.086,0.000724286879005831,EC00040
114.091521203072,C00123,M-H2O+H [1+],799.296,0.000216071302020282,EC00042
132.102018055121,C00123,M+H [1+],586.7255,0.0001133901210153,EC00043
132.102022956422,C00123,M+H [1+],642.2735,0.000118291422012362,EC00043
132.102044945295,C00123,M+H [1+],555.7775,0.000140280295028106,EC00043
132.102050948737,C00123,M+H [1+],485.555,0.000146283737024078,EC00043
132.102094278949,C00123,M+H [1+],360.81,0.000189613949032719,EC00043
132.102111112123,C00123,M+H [1+],446.6505,0.000206447123019871,EC00043
154.084274977351,C00123,M+Na [1+],585.8155,0.000428312351004934,EC00043
154.084289694547,C00123,M+Na [1+],639.753,0.000443029547028573,EC00043
154.084340189622,C00123,M+Na [1+],555.523,0.000493524622015684,EC00043
163.060094741005,C00124,M-H2O+H [1+],324.459,2.82742350066201e-05,EC0009
181.071016974499,C00124,M+H [1+],348.586,0.000350974499014001,EC0009
181.071018883403,C00124,M+H [1+],438.0305,0.000352883403024862,EC0009
198.097316033729,C00124,M+NH4 [1+],326.893,0.000103033728976243,EC0009
203.052682945384,C00124,M+Na [1+],1724.628,7.49453840001024e-05,EC00010
203.05271998889,C00124,M+Na [1+],277.978,0.000111988890012071,EC00011
203.052728767939,C00124,M+Na [1+],359.36,0.000120767938994959,EC0009
203.052743114194,C00124,M+Na [1+],316.6515,0.000135114193994923,EC0009
219.026700339592,C00124,M+K [1+],277.1125,0.000152339592006001,EC00011
219.026715441331,C00124,M+K [1+],314.3865,0.000167441331001328,EC0009
91.0388998333437,C00124,M+2H [2+],348.515,7.11666562978053e-05,EC0009
91.038935064777,C00124,M+2H [2+],438.0865,3.59352230105969e-05,EC0009
307.083709435796,C00127,M+2H [2+],307.012,0.000452486796007179,EC00044
307.083717298231,C00127,M+2H [2+],631.1435,0.000460349231047985,EC00045
613.159381413078,C00127,M+H [1+],306.953,0.000143515077979828,EC00044
613.159551575863,C00127,M+H [1+],632.123,0.000313677863005069,EC00045
635.141269401854,C00127,M+Na [1+],631.665,8.95038539283632e-05,EC00045
635.141637581631,C00127,M+Na [1+],306.8165,0.000457683630997963,EC00044
156.076874881756,C00135,M+H [1+],310.05,0.000122334756014197,EC00046
156.077143933068,C00135,M+H [1+],274.636,0.00039138606800293,EC00046
156.077282830585,C00135,M+H [1+],252.742,0.000530283585021607,EC00046
163.060094741005,C00137,M-H2O+H [1+],324.459,3.01582350061835e-05,EC0009
181.071016974499,C00137,M+H [1+],348.586,0.000352858499013564,EC0009
181.071018883403,C00137,M+H [1+],438.0305,0.000354767403024425,EC0009
198.097316033729,C00137,M+NH4 [1+],326.893,0.000104917728975806,EC0009
203.052682945384,C00137,M+Na [1+],1724.628,7.68293839996659e-05,EC00010
203.05271998889,C00137,M+Na [1+],277.978,0.000113872890011635,EC00011
203.052728767939,C00137,M+Na [1+],359.36,0.000122651938994522,EC0009
203.052743114194,C00137,M+Na [1+],316.6515,0.000136998193994486,EC0009
219.026700339592,C00137,M+K [1+],277.1125,0.000154223592005565,EC00011
219.026715441331,C00137,M+K [1+],314.3865,0.000169325331000891,EC0009
91.0388998333437,C00137,M+2H [2+],348.515,7.02246562980235e-05,EC0009
91.038935064777,C00137,M+2H [2+],438.0865,3.49932230108152e-05,EC0009
244.079420949045,C00140,M+Na [1+],277.919,0.000265732044994138,EC00047
364.065396842456,C00144,M+H [1+],305.792,0.00012188145598202,EC00048
116.070749397183,C00148,M+H [1+],596.391,0.000144860182984985,EC00049
116.070764538038,C00148,M+H [1+],291.197,0.000160001037997404,EC00050
116.070787225366,C00148,M+H [1+],567.121,0.000182688365995887,EC00049
116.070795555665,C00148,M+H [1+],324.035,0.000191018664992271,EC00050
116.070828443871,C00148,M+H [1+],443.706,0.000223906870985502,EC00049
138.052755644762,C00148,M+Na [1+],597.377,0.000209107761975247,EC00049
138.053122231004,C00148,M+Na [1+],290.4945,0.000575694003998706,EC00050
154.027032264088,C00148,M+K [1+],290.55,0.000545727087995829,EC00050
98.0600094485112,C00148,M-H2O+H [1+],597.388,4.44474119376537e-06,EC00049
135.028165289266,C00149,M+H [1+],438.1855,0.000634012733968348,EC00051
152.055075099176,C00149,M+NH4 [1+],438.8535,0.000271202823995509,EC00051
152.055138345248,C00149,M+NH4 [1+],332.277,0.000207956752007021,EC00052
157.011206472652,C00149,M+Na [1+],314.391,0.000465170652006464,EC00052
115.050241065878,C00152,M-H2O+H [1+],436.653,7.24671079979089e-05,EC00053
105.044751877539,C00153,M-H2O+H [1+],718.043,6.25867690047244e-05,EC00054
123.055396734029,C00153,M+H [1+],308.8085,0.000107910029001346,EC00055
123.055473077575,C00153,M+H [1+],438.5435,0.000184253575000071,EC00056
136.043293237039,C00155,M+H [1+],306.796,0.000617237038994745,EC00057
175.02404747128,C00158,M-H2O+H [1+],530.7785,0.000368394509990821,EC00058
175.024066846648,C00158,M-H2O+H [1+],338.905,0.000387769877988831,EC00059
193.034464190398,C00158,M+H [1+],530.7405,0.000185580398010643,EC00058
193.0344816297,C00158,M+H [1+],339.032,0.000203019699995366,EC00059
210.061008864527,C00158,M+NH4 [1+],530.706,0.000183254526973542,EC00058
210.061025592308,C00158,M+NH4 [1+],339.48,0.000199982307975688,EC00059
210.061079890316,C00158,M+NH4 [1+],446.166,0.0002542803159713,EC00058
215.016384527159,C00158,M+Na [1+],336.815,0.000163917158999993,EC00059
215.01639792765,C00158,M+Na [1+],530.852,0.000177317649985298,EC00058
215.016421008705,C00158,M+Na [1+],446.922,0.000200398705004545,EC00058
230.990096755849,C00158,M+K [1+],531.694,6.38541509943025e-05,EC00058
230.990368450722,C00158,M+K [1+],336.432,0.000207840721998309,EC00059
163.060094741005,C00159,M-H2O+H [1+],324.459,3.01582350061835e-05,EC0009
181.071016974499,C00159,M+H [1+],348.586,0.000352858499013564,EC0009
181.071018883403,C00159,M+H [1+],438.0305,0.000354767403024425,EC0009
198.097316033729,C00159,M+NH4 [1+],326.893,0.000104917728975806,EC0009
203.052682945384,C00159,M+Na [1+],1724.628,7.68293839996659e-05,EC00010
203.05271998889,C00159,M+Na [1+],277.978,0.000113872890011635,EC00011
203.052728767939,C00159,M+Na [1+],359.36,0.000122651938994522,EC0009
203.052743114194,C00159,M+Na [1+],316.6515,0.000136998193994486,EC0009
219.026700339592,C00159,M+K [1+],277.1125,0.000154223592005565,EC00011
219.026715441331,C00159,M+K [1+],314.3865,0.000169325331000891,EC0009
91.0388998333437,C00159,M+2H [2+],348.515,7.02246562980235e-05,EC0009
91.038935064777,C00159,M+2H [2+],438.0865,3.49932230108152e-05,EC0009
125.021075643973,C00164,M+Na [1+],513.402,0.000163585973012914,EC00037
125.021131775763,C00164,M+Na [1+],474.9575,0.000219717763002336,EC00037
147.044453878076,C00166,M-H2O+H [1+],649.478,0.000433289306016604,EC00060
165.054440003308,C00166,M+H [1+],649.508,0.000180118691986308,EC00060
165.054466957413,C00166,M+H [1+],344.2425,0.000153164586976118,EC00061
165.054497743427,C00166,M+H [1+],1255.632,0.00012237857299624,EC00062
165.054635445046,C00166,M+H [1+],782.27,1.53230460000486e-05,EC00063
182.081403366075,C00166,M+NH4 [1+],649.6135,0.00023624407498346,EC00060
182.08143703503,C00166,M+NH4 [1+],344.3555,0.000269913029995905,EC00061
298.097051211927,C00170,M+H [1+],731.716,0.000215150927033392,EC00064
127.049776277875,C00178,M+H [1+],700.8695,0.000427168125000321,EC00065
168.086534893191,C00181,M+NH4 [1+],436.114,0.000111536809015433,EC00040
173.042485142006,C00181,M+Na [1+],311.846,0.000443712006017449,EC00041
173.042765716879,C00181,M+Na [1+],437.086,0.000724286879005831,EC00040
100.075707919952,C00183,M-H2O+H [1+],723.062,5.28521819944672e-05,EC00066
118.086388128051,C00183,M+H [1+],656.613,0.000133527050991233,EC00066
118.086388331047,C00183,M+H [1+],697.8735,0.000133730046997016,EC00066
118.086415277261,C00183,M+H [1+],309.822,0.00016067626098959,EC00067
118.086427933138,C00183,M+H [1+],333.9545,0.000173332137990201,EC00067
118.086437772843,C00183,M+H [1+],280.4565,0.000183171842991214,EC00067
118.086442724548,C00183,M+H [1+],369.3875,0.000188123547985697,EC00067
118.086467687372,C00183,M+H [1+],436.581,0.000213086371985582,EC00067
140.068427737943,C00183,M+Na [1+],283.591,0.000231136943000365,EC00067
140.068427991922,C00183,M+Na [1+],310.326,0.000231390921982211,EC00067
140.068440250314,C00183,M+Na [1+],10.489,0.000243649314001004,EC00068
156.042504817939,C00183,M+K [1+],284.2705,0.000368216938994692,EC00067
113.021096333443,C00184,M+Na [1+],350.5785,0.000184275443004367,EC00069
113.021230850236,C00184,M+Na [1+],438.166,0.000318792236001286,EC00069
91.0388998333437,C00184,M+H [1+],348.515,7.02246562980235e-05,EC00069
91.038935064777,C00184,M+H [1+],438.0865,3.49932230108152e-05,EC00069
102.055105238593,C00188,M-H2O+H [1+],438.685,0.000185612823003112,EC00070
120.065693644224,C00188,M+H [1+],276.913,0.00017448522399377,EC00071
120.065768783934,C00188,M+H [1+],321.358,0.000249624933999826,EC00072
142.047695500211,C00188,M+Na [1+],275.951,0.000234341211012179,EC00071
142.047794461351,C00188,M+Na [1+],314.42,0.000333302351009479,EC00072
177.039453532385,C00191,M-H2O+H [1+],309.321,0.000124391615003105,EC00073
177.039712314402,C00191,M-H2O+H [1+],436.541,0.000383173632002354,EC00074
325.112957449347,C00208,M-H2O+H [1+],277.8195,6.94365770073091e-05,EC00033
325.113120232059,C00208,M-H2O+H [1+],324.472,0.000232219288989199,EC00034
343.123600572039,C00208,M+H [1+],325.041,0.000113026039002762,EC00034
250.093554323498,C00212,M-H2O+H [1+],690.824,0.000123927728026274,EC00075
268.104311453016,C00212,M+H [1+],651.347,0.000281524016031653,EC00075
268.104434268427,C00212,M+H [1+],308.817,0.000404339427007017,EC00076
112.037086789862,C00213,M+Na [1+],274.622,0.000190316861989004,EC00012
90.054866238269,C00213,M+H [1+],322.338,8.82347310096065e-05,EC00012
90.0548831415654,C00213,M+H [1+],292.643,7.13314346114657e-05,EC00012
243.097646467234,C00214,M+H [1+],679.258,9.88992340182904e-05,EC00077
243.097894574749,C00214,M+H [1+],700.7285,0.000347006749024104,EC00077
265.080034570825,C00214,M+Na [1+],700.8575,0.00054500282499248,EC00077
130.050006468106,C00217,M-H2O+H [1+],508.349,0.000172220335997508,EC0003
130.05003235712,C00217,M-H2O+H [1+],275.958,0.000198109349980768,EC0004
130.050047905574,C00217,M-H2O+H [1+],687.9345,0.000213657803982414,EC0005
130.050060936078,C00217,M-H2O+H [1+],339.9925,0.000226688308003986,EC0004
130.050212727512,C00217,M-H2O+H [1+],1052.642,0.000378479741982574,EC0006
148.060858216062,C00217,M+H [1+],279.065,0.000424435062001294,EC0004
170.041721886347,C00217,M+Na [1+],308.787,0.000653894652998588,EC0004
170.04244950864,C00217,M+Na [1+],279.722,7.37276400002429e-05,EC0004
163.060094741005,C00221,M-H2O+H [1+],324.459,3.01582350061835e-05,EC0009
181.071016974499,C00221,M+H [1+],348.586,0.000352858499013564,EC0009
181.071018883403,C00221,M+H [1+],438.0305,0.000354767403024425,EC0009
198.097316033729,C00221,M+NH4 [1+],326.893,0.000104917728975806,EC0009
203.052682945384,C00221,M+Na [1+],1724.628,7.68293839996659e-05,EC00010
203.05271998889,C00221,M+Na [1+],277.978,0.000113872890011635,EC00011
203.052728767939,C00221,M+Na [1+],359.36,0.000122651938994522,EC0009
203.052743114194,C00221,M+Na [1+],316.6515,0.000136998193994486,EC0009
219.026700339592,C00221,M+K [1+],277.1125,0.000154223592005565,EC00011
219.026715441331,C00221,M+K [1+],314.3865,0.000169325331000891,EC0009
91.0388998333437,C00221,M+2H [2+],348.515,7.02246562980235e-05,EC0009
91.038935064777,C00221,M+2H [2+],438.0865,3.49932230108152e-05,EC0009
125.021075643973,C00232,M+Na [1+],513.402,0.000163585973012914,EC00037
125.021131775763,C00232,M+Na [1+],474.9575,0.000219717763002336,EC00037
474.173448547818,C00234,M+H [1+],728.161,0.000276422817989896,EC00078
152.057406125417,C00242,M+H [1+],662.4655,0.000720318417023691,EC00079
325.112957449347,C00243,M-H2O+H [1+],277.8195,6.94365770073091e-05,EC00033
325.113120232059,C00243,M-H2O+H [1+],324.472,0.000232219288989199,EC00034
343.123600572039,C00243,M+H [1+],325.041,0.000113026039002762,EC00034
126.022114573082,C00245,M+H [1+],324.472,0.000174788082006216,EC00080
126.022115329966,C00245,M+H [1+],276.229,0.000175544965998142,EC00081
148.004250394744,C00245,M+Na [1+],315.8255,0.000368609743986781,EC00080
148.004251230653,C00245,M+Na [1+],274.44,0.000369445653007006,EC00081
163.977697140957,C00245,M+K [1+],274.9085,0.000124644043012268,EC00081
168.065489548301,C00250,M+H [1+],306.842,2.96106989878808e-05,EC00082
168.065817545742,C00250,M+H [1+],437.603,0.000298386742002776,EC00083
325.112957449347,C00252,M-H2O+H [1+],277.8195,7.09825769718009e-05,EC00033
325.113120232059,C00252,M-H2O+H [1+],324.472,0.000233765288953691,EC00034
343.123600572039,C00252,M+H [1+],325.041,0.000114572038967253,EC00034
377.145697308955,C00255,M+H [1+],785.3815,0.000136916955000288,EC00084
399.127708109554,C00255,M+Na [1+],785.454,0.000205717554024432,EC00084
113.021096333443,C00256,M+Na [1+],350.5785,0.000184275443004367,EC00069
113.021230850236,C00256,M+Na [1+],438.166,0.000318792236001286,EC00069
91.0388998333437,C00256,M+H [1+],348.515,7.02246562980235e-05,EC00069
91.038935064777,C00256,M+H [1+],438.0865,3.49932230108152e-05,EC00069
168.086534893191,C00259,M+NH4 [1+],436.114,0.000111536809015433,EC00040
173.042485142006,C00259,M+Na [1+],311.846,0.000443712006017449,EC00041
173.042765716879,C00259,M+Na [1+],437.086,0.000724286879005831,EC00040
137.04594151073,C00262,M+H [1+],664.4035,0.000154740730010872,EC00085
137.045981511412,C00262,M+H [1+],480.9735,0.000194741412030908,EC00086
137.045988221984,C00262,M+H [1+],313.914,0.00020145198402588,EC00087
137.045990744662,C00262,M+H [1+],338.123,0.000203974662014161,EC00087
159.027773996837,C00262,M+Na [1+],312.3065,4.52268370167985e-05,EC00087
159.027950039965,C00262,M+Na [1+],481.013,0.000221269965010151,EC00086
175.001771810037,C00262,M+K [1+],481.028,0.000103040037032542,EC00086
163.060094741005,C00267,M-H2O+H [1+],324.459,3.01582350061835e-05,EC0009
181.071016974499,C00267,M+H [1+],348.586,0.000352858499013564,EC0009
181.071018883403,C00267,M+H [1+],438.0305,0.000354767403024425,EC0009
198.097316033729,C00267,M+NH4 [1+],326.893,0.000104917728975806,EC0009
203.052682945384,C00267,M+Na [1+],1724.628,7.68293839996659e-05,EC00010
203.05271998889,C00267,M+Na [1+],277.978,0.000113872890011635,EC00011
203.052728767939,C00267,M+Na [1+],359.36,0.000122651938994522,EC0009
203.052743114194,C00267,M+Na [1+],316.6515,0.000136998193994486,EC0009
219.026700339592,C00267,M+K [1+],277.1125,0.000154223592005565,EC00011
219.026715441331,C00267,M+K [1+],314.3865,0.000169325331000891,EC0009
91.0388998333437,C00267,M+2H [2+],348.515,7.02246562980235e-05,EC0009
91.038935064777,C00267,M+2H [2+],438.0865,3.49932230108152e-05,EC0009
240.108976382901,C00268,M+H [1+],532.285,0.000138924098990856,EC00088
310.113582574825,C00270,M+H [1+],335.126,0.000326574825010084,EC00089
332.095389003078,C00270,M+Na [1+],331.3895,0.00019100307804365,EC00089
348.070767866109,C00270,M+K [1+],306.5855,0.00162986610899907,EC00089
259.151941730529,C00272,M+NH4 [1+],819.2715,0.00062935952900034,EC00090
264.106082031741,C00272,M+Na [1+],791.079,0.000625339259045177,EC00090
269.189770483816,C00280,M-H2O+H [1+],1090.653,0.000186058954000146,EC00091
269.088312355284,C00294,M+H [1+],664.3745,0.000266841284030761,EC00092
269.088320346498,C00294,M+H [1+],337.4575,0.000274832498007527,EC00093
269.088333038253,C00294,M+H [1+],448.997,0.000287524252996718,EC00094
269.088351556091,C00294,M+H [1+],316.406,0.000306042091040126,EC00093
291.070262519676,C00294,M+Na [1+],664.445,0.00027500567603056,EC00092
291.070323842854,C00294,M+Na [1+],315.4805,0.000336328854018575,EC00093
307.044357964975,C00294,M+K [1+],315.593,0.000430450974988617,EC00093
245.077077986123,C00299,M+H [1+],606.485,0.000265860122993899,EC00095
245.077223958118,C00299,M+H [1+],437.1065,0.00041183211800444,EC00096
245.077557212106,C00299,M+H [1+],313.6025,0.000745086106007875,EC00097
267.059015835228,C00299,M+Na [1+],606.9515,0.000261709228027485,EC00095
267.059115969606,C00299,M+Na [1+],309.4365,0.0003618436060151,EC00097
267.059246531029,C00299,M+Na [1+],437.108,0.000492405028978737,EC00096
114.066310744264,C00300,M-H2O+H [1+],289.564,0.000157730494009911,EC00098
132.076845241445,C00300,M+H [1+],322.8895,9.26944450156952e-05,EC00098
132.076877063668,C00300,M+H [1+],292.651,0.000124516668023489,EC00098
154.059108991546,C00300,M+Na [1+],291.672,0.000414444546009918,EC00098
170.033450876791,C00300,M+K [1+],291.998,0.00081632979100732,EC00098
168.086534893191,C00310,M+NH4 [1+],436.114,0.000111536809015433,EC00040
173.042485142006,C00310,M+Na [1+],311.846,0.000443712006017449,EC00041
173.042765716879,C00310,M+Na [1+],437.086,0.000724286879005831,EC00040
175.02404747128,C00311,M-H2O+H [1+],530.7785,0.000368394509990821,EC00058
175.024066846648,C00311,M-H2O+H [1+],338.905,0.000387769877988831,EC00059
193.034464190398,C00311,M+H [1+],530.7405,0.000185580398010643,EC00058
193.0344816297,C00311,M+H [1+],339.032,0.000203019699995366,EC00059
210.061008864527,C00311,M+NH4 [1+],530.706,0.000183254526973542,EC00058
210.061025592308,C00311,M+NH4 [1+],339.48,0.000199982307975688,EC00059
210.061079890316,C00311,M+NH4 [1+],446.166,0.0002542803159713,EC00058
215.016384527159,C00311,M+Na [1+],336.815,0.000163917158999993,EC00059
215.01639792765,C00311,M+Na [1+],530.852,0.000177317649985298,EC00058
215.016421008705,C00311,M+Na [1+],446.922,0.000200398705004545,EC00058
230.990096755849,C00311,M+K [1+],531.694,6.38541509943025e-05,EC00058
230.990368450722,C00311,M+K [1+],336.432,0.000207840721998309,EC00059
168.086534893191,C00312,M+NH4 [1+],436.114,0.000111536809015433,EC00040
173.042485142006,C00312,M+Na [1+],311.846,0.000443712006017449,EC00041
173.042765716879,C00312,M+Na [1+],437.086,0.000724286879005831,EC00040
146.165481034324,C00315,M+H [1+],257.835,0.000307411324001805,EC00099
300.290118341053,C00319,M+H [1+],1171.0445,0.000412908053021965,EC000100
176.103306117151,C00327,M+H [1+],323.132,0.000338820151000618,EC000101
176.10332872955,C00327,M+H [1+],278.984,0.000361432549993879,EC000102
198.085892672479,C00327,M+Na [1+],279.635,0.000983375478995185,EC000102
214.058933732801,C00327,M+K [1+],279.426,8.44358009999269e-05,EC000102
191.08162507833,C00328,M-H2O+H [1+],697.9385,0.000156351560008261,EC000103
209.092174606121,C00328,M+H [1+],726.1195,0.000106346121015122,EC000103
226.118983297716,C00328,M+NH4 [1+],718.03,0.000368037715986702,EC000103
231.073934491047,C00328,M+Na [1+],726.602,7.57689529962136e-05,EC000103
162.076090265583,C00329,M-H2O+H [1+],587.251,4.12678130032873e-05,EC000104
162.076142480648,C00329,M-H2O+H [1+],350.247,9.34828780145835e-05,EC000105
162.076246415472,C00329,M-H2O+H [1+],688.194,0.000197417702025859,EC000106
250.093554323498,C00330,M-H2O+H [1+],690.824,0.000123927728026274,EC00075
268.104311453016,C00330,M+H [1+],651.347,0.000281524016031653,EC00075
268.104434268427,C00330,M+H [1+],308.817,0.000404339427007017,EC00076
186.054451684643,C00331,M-H2O+H [1+],326.0435,0.000467941126998994,EC000107
204.06550885882,C00331,M+H [1+],1040.531,1.03001799800495e-05,EC000108
204.065591158985,C00331,M+H [1+],958.7415,7.19999850105069e-05,EC000109
104.070689500832,C00334,M+H [1+],278.0685,8.49638319948554e-05,EC000110
125.021075643973,C00349,M+Na [1+],513.402,0.000163585973012914,EC00037
125.021131775763,C00349,M+Na [1+],474.9575,0.000219717763002336,EC00037
348.070767866109,C00362,M+H [1+],306.5855,0.000407527109018702,EC0002
169.03564525328,C00366,M+H [1+],461.849,2.92392799963181e-05,EC000111
169.035767661771,C00366,M+H [1+],309.827,0.000151647770991303,EC000112
191.017677549299,C00366,M+Na [1+],309.327,0.000119535299006657,EC000112
191.017726066402,C00366,M+Na [1+],462.3525,0.000168052401988916,EC000111
288.101667065582,C00378,M+Na [1+],438.105,0.00014218958199308,EC000113
152.068622093767,C00379,M [1+],304.433,0.000148599767015867,EC000114
175.057936531903,C00379,M+Na [1+],279.299,0.000245037903027878,EC000114
153.041095772412,C00385,M+H [1+],337.523,0.000394380412018336,EC000115
153.041133828176,C00385,M+H [1+],542.374,0.000432436175998419,EC000116
153.041140076432,C00385,M+H [1+],569.657,0.000438684431998126,EC000116
153.041164671661,C00385,M+H [1+],318.821,0.000463279661005345,EC000115
209.102308572392,C00386,M-H2O+H [1+],636.2185,0.000958228378010517,EC000117
284.099217136678,C00387,M+H [1+],313.355,0.00027258567803301,EC000118
284.099246327443,C00387,M+H [1+],662.484,0.000301776442995561,EC000119
112.087006332715,C00388,M+H [1+],239.603,8.30297150002934e-05,EC000120
114.091521203072,C00407,M-H2O+H [1+],799.296,0.000216071302020282,EC00042
132.102018055121,C00407,M+H [1+],586.7255,0.0001133901210153,EC00043
132.102022956422,C00407,M+H [1+],642.2735,0.000118291422012362,EC00043
132.102044945295,C00407,M+H [1+],555.7775,0.000140280295028106,EC00043
132.102050948737,C00407,M+H [1+],485.555,0.000146283737024078,EC00043
132.102094278949,C00407,M+H [1+],360.81,0.000189613949032719,EC00043
132.102111112123,C00407,M+H [1+],446.6505,0.000206447123019871,EC00043
154.084274977351,C00407,M+Na [1+],585.8155,0.000428312351004934,EC00043
154.084289694547,C00407,M+Na [1+],639.753,0.000443029547028573,EC00043
154.084340189622,C00407,M+Na [1+],555.523,0.000493524622015684,EC00043
112.075803930299,C00408,M-H2O+H [1+],1712.7245,0.000148862529016469,EC000121
130.086360969734,C00408,M+H [1+],707.951,0.000106368734009266,EC000122
130.086393027269,C00408,M+H [1+],728.586,0.000138426269018055,EC000122
130.0863995747,C00408,M+H [1+],250.1985,0.000144973700031414,EC000123
130.086405892032,C00408,M+H [1+],307.2885,0.000151291032011613,EC000124
130.086414802039,C00408,M+H [1+],332.4515,0.000160201039022922,EC000124
130.086457315191,C00408,M+H [1+],436.6165,0.000202714191033238,EC000125
147.113143475773,C00408,M+NH4 [1+],250.7095,0.000341874772999518,EC000123
147.113404035782,C00408,M+NH4 [1+],305.5735,0.000602434781995953,EC000124
152.068622093767,C00408,M+Na [1+],304.433,0.000425492767021751,EC000124
152.068679297586,C00408,M+Na [1+],708.422,0.000482696586004749,EC000122
337.212193173731,C00410,M+Na [1+],718.533,0.0016050302689905,EC000126
157.013326418256,C00417,M-H2O+H [1+],339.245,0.000212027486014676,EC000127
157.013621336061,C00417,M-H2O+H [1+],530.807,0.000506945290993599,EC000128
175.02404747128,C00417,M+H [1+],530.7785,0.000333547280007451,EC000128
175.024066846648,C00417,M+H [1+],338.905,0.00035292264800546,EC000127
171.063542091334,C00418,M+Na [1+],763.525,0.000765219333999312,EC000129
335.222237760172,C00427,M-H2O+H [1+],1005.8305,0.000587159402016368,EC000130
335.22299509408,C00427,M-H2O+H [1+],806.1755,0.00134449331000042,EC000131
352.225154147928,C00427,M [1+],1072.456,0.000180013928002154,EC000130
353.232654575848,C00427,M+H [1+],1005.685,0.000404441848047554,EC000130
115.050241065878,C00429,M+H [1+],436.653,3.76198780003278e-05,EC000132
114.055418576311,C00430,M-H2O+H [1+],339.842,0.000498950541000909,EC000133
132.065671411145,C00430,M+H [1+],276.479,0.00015225214499992,EC000134
197.090414717453,C00437,M+Na [1+],303.783,0.000754393453007651,EC000135
157.061008271655,C00439,M-H2O+H [1+],294.385,0.000274986884988948,EC000136
230.600865079215,C00440,M+2H [2+],697.948,0.000273295715004451,EC000137
460.19412504096,C00440,M+H [1+],698.168,0.000217473959992276,EC000137
468.983203516162,C00460,M+H [1+],256.262,0.00231478216198866,EC000138
244.093119833747,C00475,M+H [1+],437.049,0.000323833747017943,EC000139
266.07505576561,C00475,M+Na [1+],305.3255,0.000317765609963772,EC000140
120.080880653191,C00483,M-H2O+H [1+],718.032,0.00014020742099774,EC000141
120.080953599575,C00483,M-H2O+H [1+],900.873,0.000213153804992317,EC000142
138.091585528564,C00483,M+H [1+],696.93,0.000245549563999248,EC000141
585.270994389987,C00486,M+H [1+],997.0965,0.000238389986975562,EC000143
144.102162388527,C00487,M-H2O+H [1+],706.39,0.000295921757015094,EC000144
144.102177216785,C00487,M-H2O+H [1+],298.359,0.000310750015017902,EC000145
144.102201719728,C00487,M-H2O+H [1+],324.683,0.000335252957995635,EC000145
162.112477182313,C00487,M+H [1+],282.864,1.11823130168887e-05,EC000145
162.112496520099,C00487,M+H [1+],317.9135,3.05200990169396e-05,EC000145
184.09463715905,C00487,M+Na [1+],286.417,0.000229159050007866,EC000145
200.068391391873,C00487,M+K [1+],286.1195,4.33918730209371e-05,EC000145
159.051666057341,C00499,M-H2O+H [1+],327.95,0.00043482657102345,EC000146
177.061287687941,C00499,M+H [1+],260.309,0.000543076058988845,EC000147
583.255464354126,C00500,M+H [1+],1099.344,0.000353523126022992,EC000148
115.086712773681,C00515,M-H2O+H [1+],250.215,0.000158668911012683,EC00026
133.097325648337,C00515,M+H [1+],250.2305,0.000172010337024631,EC00026
155.079542620256,C00515,M+Na [1+],260.299,0.000446982256022466,EC00026
229.081892225253,C00526,M+H [1+],660.764,5.27874698263986e-06,EC000149
251.064070099587,C00526,M+Na [1+],660.468,0.000230595587026983,EC000149
152.068622093767,C00532,M [1+],304.433,0.000148599767015867,EC000114
175.057936531903,C00532,M+Na [1+],279.299,0.000245037903027878,EC000114
113.021096333443,C00577,M+Na [1+],350.5785,0.000188333443006172,EC00069
113.021230850236,C00577,M+Na [1+],438.166,0.000322850236003092,EC00069
91.0388998333437,C00577,M+H [1+],348.515,6.61666562962182e-05,EC00069
91.038935064777,C00577,M+H [1+],438.0865,3.09352230090099e-05,EC00069
118.061343586225,C00581,M+H [1+],282.2255,0.000241103224993822,EC000150
335.222237760172,C00584,M-H2O+H [1+],1005.8305,0.000587159402016368,EC000130
335.22299509408,C00584,M-H2O+H [1+],806.1755,0.00134449331000042,EC000131
352.225154147928,C00584,M [1+],1072.456,0.000180013928002154,EC000130
353.232654575848,C00584,M+H [1+],1005.685,0.000404441848047554,EC000130
167.070312099257,C00588,M-H2O+H [1+],1004.1995,0.000233852512991461,EC000151
103.054226956918,C00601,M-H2O+H [1+],718.031,3.56121479967442e-05,EC000152
138.091585528564,C00601,M+NH4 [1+],696.93,0.000247650563977686,EC000152
177.039453532385,C00618,M-H2O+H [1+],309.321,0.000124391615003105,EC00073
177.039712314402,C00618,M-H2O+H [1+],436.541,0.000383173632002354,EC00074
190.070726851966,C00624,M+H [1+],819.288,0.000271615033994976,EC000153
212.05275601149,C00624,M+Na [1+],291.993,0.000184455509980808,EC000154
142.065290150192,C00637,M-H2O+H [1+],763.6255,0.000199768421992985,EC000155
159.067802035066,C00637,M [1+],697.928,0.000611879934012904,EC000156
160.075764748584,C00637,M+H [1+],697.7985,7.48335839944048e-05,EC000156
160.075772437613,C00637,M+H [1+],675.919,8.25226130132251e-05,EC000156
160.075820560012,C00637,M+H [1+],653.445,0.00013064501200688,EC000156
160.075842618938,C00637,M+H [1+],357.43,0.000152703937999377,EC000157
160.075879028459,C00637,M+H [1+],376.949,0.000189113459015289,EC000157
160.075880972694,C00637,M+H [1+],447.695,0.000191057693996299,EC000157
177.10248243087,C00637,M+NH4 [1+],697.802,0.000245515869977453,EC000156
177.102488895791,C00637,M+NH4 [1+],675.9305,0.000251980790977768,EC000156
177.102506493612,C00637,M+NH4 [1+],654.3555,0.000269578611977295,EC000156
177.102568271153,C00637,M+NH4 [1+],357.004,0.00033135615296942,EC000157
177.102582827937,C00637,M+NH4 [1+],377.419,0.000345912936978721,EC000157
182.057935907659,C00637,M+Na [1+],296.9945,0.000303992658984953,EC000158
221.091980148778,C00643,M+H [1+],681.353,8.8111221998588e-05,EC000159
221.092156651373,C00643,M+H [1+],725.565,8.83913729978758e-05,EC000160
244.079420949045,C00645,M+Na [1+],277.919,0.000265732044994138,EC00047
240.099672678269,C00670,M-H2O+H [1+],1752.857,0.000172322499025768,EC000161
258.108900759223,C00670,M+H [1+],647.725,0.00119912977697822,EC000162
258.11034838953,C00670,M+H [1+],275.454,0.000248500530005913,EC000163
280.092299317281,C00670,M+Na [1+],311.506,0.00025742828103148,EC000164
280.09232231741,C00670,M+Na [1+],272.898,0.000280428410007971,EC000163
296.066273932802,C00670,M+K [1+],272.844,0.000292043802005537,EC000163
391.284527520358,C00695,M-H2O+H [1+],1091.669,0.000276663588010706,EC000165
426.321722666149,C00695,M+NH4 [1+],1091.176,0.000325276149055753,EC000165
431.277118613503,C00695,M+Na [1+],1091.65,0.00032622350300926,EC000165
335.222237760172,C00696,M-H2O+H [1+],1005.8305,0.000587159402016368,EC000130
335.22299509408,C00696,M-H2O+H [1+],806.1755,0.00134449331000042,EC000131
352.225154147928,C00696,M [1+],1072.456,0.000180013928002154,EC000130
353.232654575848,C00696,M+H [1+],1005.685,0.000404441848047554,EC000130
100.075707919952,C00719,M-H2O+H [1+],723.062,5.28521819944672e-05,EC00066
118.086388128051,C00719,M+H [1+],656.613,0.000133527050991233,EC00066
118.086388331047,C00719,M+H [1+],697.8735,0.000133730046997016,EC00066
118.086415277261,C00719,M+H [1+],309.822,0.00016067626098959,EC00067
118.086427933138,C00719,M+H [1+],333.9545,0.000173332137990201,EC00067
118.086437772843,C00719,M+H [1+],280.4565,0.000183171842991214,EC00067
118.086442724548,C00719,M+H [1+],369.3875,0.000188123547985697,EC00067
118.086467687372,C00719,M+H [1+],436.581,0.000213086371985582,EC00067
140.068427737943,C00719,M+Na [1+],283.591,0.000231136943000365,EC00067
140.068427991922,C00719,M+Na [1+],310.326,0.000231390921982211,EC00067
140.068440250314,C00719,M+Na [1+],10.489,0.000243649314001004,EC00068
156.042504817939,C00719,M+K [1+],284.2705,0.000368216938994692,EC00067
345.206350430547,C00735,M-H2O+H [1+],1077.977,0.000349893777013222,EC000166
363.216973871578,C00735,M+H [1+],1017.252,0.00037380157800726,EC000166
385.197178731921,C00735,M+Na [1+],718.0335,0.00136333807898836,EC000167
116.070749397183,C00763,M+H [1+],596.391,0.000144860182984985,EC00049
116.070764538038,C00763,M+H [1+],291.197,0.000160001037997404,EC00050
116.070787225366,C00763,M+H [1+],567.121,0.000182688365995887,EC00049
116.070795555665,C00763,M+H [1+],324.035,0.000191018664992271,EC00050
116.070828443871,C00763,M+H [1+],443.706,0.000223906870985502,EC00049
138.052755644762,C00763,M+Na [1+],597.377,0.000209107761975247,EC00049
138.053122231004,C00763,M+Na [1+],290.4945,0.000575694003998706,EC00050
154.027032264088,C00763,M+K [1+],290.55,0.000545727087995829,EC00050
98.0600094485112,C00763,M-H2O+H [1+],597.388,4.44474119376537e-06,EC00049
301.216446282179,C00777,M+H [1+],1449.4685,0.000240140179016635,EC000168
159.091887298951,C00780,M-H2O+H [1+],763.608,0.000247816181001781,EC000169
177.10248243087,C00780,M+H [1+],697.802,0.000243414869999015,EC000170
177.102488895791,C00780,M+H [1+],675.9305,0.00024987979099933,EC000170
177.102506493612,C00780,M+H [1+],654.3555,0.000267477611998856,EC000170
177.102568271153,C00780,M+H [1+],357.004,0.000329255152990982,EC000171
177.102582827937,C00780,M+H [1+],377.419,0.000343811937000282,EC000171
199.084399308853,C00780,M+Na [1+],697.6295,0.000218292852991908,EC000170
139.050386941655,C00785,M+H [1+],307.288,0.000183495655022625,EC000172
139.050446917061,C00785,M+H [1+],330.117,0.000243471061025957,EC000172
139.050456182555,C00785,M+H [1+],437.7535,0.000252736555012234,EC000173
156.076874881756,C00785,M+NH4 [1+],310.05,0.000124435755992636,EC000172
156.077143933068,C00785,M+NH4 [1+],274.636,0.000393487067981368,EC000172
156.077282830585,C00785,M+NH4 [1+],252.742,0.000532384585000045,EC000172
161.032228721795,C00785,M+Na [1+],307.0105,8.32757950206542e-05,EC000172
166.086017936165,C00788,M-H2O+H [1+],718.033,0.000201817604988719,EC000174
184.097063269544,C00788,M+H [1+],718.03,0.000243982544020582,EC000174
175.118923554997,C00792,M+H [1+],309.032,2.81570029869727e-05,EC00020
175.119266080672,C00792,M+H [1+],273.922,0.000314368672007959,EC00020
197.101060070323,C00792,M+Na [1+],272.195,0.000166358323014038,EC00020
193.034464190398,C00818,M-H2O+H [1+],530.7405,0.000220427628022435,EC000175
193.0344816297,C00818,M-H2O+H [1+],339.032,0.000237866930007158,EC000176
129.065939677386,C00819,M-H2O+H [1+],1711.0225,0.000121014616013326,EC00021
129.065952741005,C00819,M-H2O+H [1+],287.633,0.000134078234992785,EC00022
129.065972950365,C00819,M-H2O+H [1+],1685.632,0.000154287594995139,EC00021
129.066029249114,C00819,M-H2O+H [1+],1598.4665,0.000210586343996511,EC00023
147.076642882391,C00819,M+H [1+],1733.153,0.000224686391021578,EC00021
147.076766397891,C00819,M+H [1+],275.969,0.000348201891000599,EC00022
147.076812170778,C00819,M+H [1+],321.135,0.000393974778006623,EC00022
169.058295312213,C00819,M+Na [1+],313.858,6.48837869903218e-05,EC00022
169.058319958809,C00819,M+Na [1+],274.451,4.02371910013244e-05,EC00022
238.092426873832,C00835,M+H [1+],530.8245,0.00103836916798627,EC000177
238.092430589204,C00835,M+H [1+],340.5215,0.00103465379598333,EC000178
202.107547661203,C00864,M-H2O+H [1+],717.5305,0.000198535433014513,EC000179
220.118207156533,C00864,M+H [1+],717.525,0.000258497533025093,EC000179
242.100162220984,C00864,M+Na [1+],717.026,0.000271561984021673,EC000179
258.073994790527,C00864,M+K [1+],718.023,0.000164131527014888,EC000179
228.098040167279,C00881,M+H [1+],306.928,0.000158248279007012,EC000180
228.09806254457,C00881,M+H [1+],437.7855,0.000180625570010307,EC000181
301.216446282179,C00909,M-H2O+H [1+],1449.4685,0.000274989408978854,EC000182
319.225487326701,C00909,M+H [1+],1486.662,0.00128349929900651,EC000183
341.208816685323,C00909,M+Na [1+],1450.3895,0.000103859322962307,EC000182
341.208896825527,C00909,M+Na [1+],1539.8525,0.000183999526996104,EC000184
209.092174606121,C00931,M-H2O+H [1+],726.1195,0.000141193350998492,EC000185
227.102628739614,C00931,M+H [1+],710.025,4.20638599507583e-06,EC000185
295.165489086354,C00951,M+Na [1+],718.041,0.00135892564600226,EC000186
176.070880288229,C00954,M+H [1+],1008.161,0.0002757512290259,EC000187
162.076090265583,C00956,M+H [1+],587.251,6.42058299149539e-06,EC000188
162.076142480648,C00956,M+H [1+],350.247,5.86356480027916e-05,EC000189
162.076246415472,C00956,M+H [1+],688.194,0.000162570472014067,EC000190
184.058243624767,C00956,M+Na [1+],588.339,0.000217779766984449,EC000188
184.058607027739,C00956,M+Na [1+],687.562,0.000581182738983443,EC000190
142.977568745996,C00957,M+Na [1+],287.042,0.000236061995991577,EC000191
163.060094741005,C00984,M-H2O+H [1+],324.459,3.01582350061835e-05,EC0009
181.071016974499,C00984,M+H [1+],348.586,0.000352858499013564,EC0009
181.071018883403,C00984,M+H [1+],438.0305,0.000354767403024425,EC0009
198.097316033729,C00984,M+NH4 [1+],326.893,0.000104917728975806,EC0009
203.052682945384,C00984,M+Na [1+],1724.628,7.68293839996659e-05,EC00010
203.05271998889,C00984,M+Na [1+],277.978,0.000113872890011635,EC00011
203.052728767939,C00984,M+Na [1+],359.36,0.000122651938994522,EC0009
203.052743114194,C00984,M+Na [1+],316.6515,0.000136998193994486,EC0009
219.026700339592,C00984,M+K [1+],277.1125,0.000154223592005565,EC00011
219.026715441331,C00984,M+K [1+],314.3865,0.000169325331000891,EC0009
91.0388998333437,C00984,M+2H [2+],348.515,7.02246562980235e-05,EC0009
91.038935064777,C00984,M+2H [2+],438.0865,3.49932230108152e-05,EC0009
113.021096333443,C01013,M+Na [1+],350.5785,0.000184275443004367,EC00069
113.021230850236,C01013,M+Na [1+],438.166,0.000318792236001286,EC00069
91.0388998333437,C01013,M+H [1+],348.515,7.02246562980235e-05,EC00069
91.038935064777,C01013,M+H [1+],438.0865,3.49932230108152e-05,EC00069
187.057902346907,C01019,M+Na [1+],295.023,0.000214346907029039,EC000192
104.070689500832,C01026,M+H [1+],278.0685,8.49638319948554e-05,EC000110
176.055639720734,C01042,M+H [1+],332.0065,0.000291317734024688,EC000193
176.055708834108,C01042,M+H [1+],439.619,0.000360431108020975,EC000194
198.03741104878,C01042,M+Na [1+],325.404,0.000120645780015138,EC000193
233.042566269314,C01068,M+H [1+],305.402,0.000490269314013858,EC000195
569.314671272785,C01079,M+H [1+],796.0335,0.00243948478487255,EC000196
325.112957449347,C01083,M-H2O+H [1+],277.8195,6.94365770073091e-05,EC00033
325.113120232059,C01083,M-H2O+H [1+],324.472,0.000232219288989199,EC00034
343.123600572039,C01083,M+H [1+],325.041,0.000113026039002762,EC00034
105.054725936926,C01089,M+H [1+],636.227,0.000105814926001813,EC000197
122.08130745862,C01089,M+NH4 [1+],635.997,0.000140336620006565,EC000197
127.036987707377,C01089,M+Na [1+],635.21,0.00042558537700188,EC000197
87.0439343249392,C01089,M-H2O+H [1+],1217.132,8.62638307950192e-05,EC000198
114.055418576311,C01110,M-H2O+H [1+],339.842,0.000498950541000909,EC000133
132.065671411145,C01110,M+H [1+],276.479,0.00015225214499992,EC000134
382.271978200501,C01120,M+H [1+],1249.8745,0.000292293500990581,EC000199
404.254840120825,C01120,M+Na [1+],1250.477,0.00121221382499925,EC000199
345.206350430547,C01124,M-H2O+H [1+],1077.977,0.000349893777013222,EC000166
363.216973871578,C01124,M+H [1+],1017.252,0.00037380157800726,EC000166
385.197178731921,C01124,M+Na [1+],718.0335,0.00136333807898836,EC000167
170.0925345192,C01152,M+H [1+],274.968,0.000131908200017961,EC000200
114.055418576311,C01157,M-H2O+H [1+],339.842,0.000498950541000909,EC000133
132.065671411145,C01157,M+H [1+],276.479,0.00015225214499992,EC000134
114.055418576311,C01165,M-H2O+H [1+],339.842,0.000498950541000909,EC000133
132.065671411145,C01165,M+H [1+],276.479,0.00015225214499992,EC000134
104.070689500832,C01205,M+H [1+],278.0685,8.49638319948554e-05,EC000110
588.071506364016,C01222,M+H [1+],277.375,0.00235775098394697,EC000201
588.071540935145,C01222,M+H [1+],319.696,0.0023231798550114,EC000202
216.063161430413,C01233,M+H [1+],880.2215,1.17334130038671e-05,EC000203
325.112957449347,C01235,M-H2O+H [1+],277.8195,6.94365770073091e-05,EC00033
325.113120232059,C01235,M-H2O+H [1+],324.472,0.000232219288989199,EC00034
343.123600572039,C01235,M+H [1+],325.041,0.000113026039002762,EC00034
190.050094566845,C01252,M-H2O+H [1+],775.6525,0.000260319074982363,EC000204
208.060548905368,C01252,M+H [1+],811.1145,0.000115124367994213,EC000204
230.04254692355,C01252,M+Na [1+],811.262,0.000171142549987735,EC000204
335.222237760172,C01312,M-H2O+H [1+],1005.8305,0.000587159402016368,EC000130
335.22299509408,C01312,M-H2O+H [1+],806.1755,0.00134449331000042,EC000131
352.225154147928,C01312,M [1+],1072.456,0.000180013928002154,EC000130
353.232654575848,C01312,M+H [1+],1005.685,0.000404441848047554,EC000130
267.268491119672,C01530,M-H2O+H [1+],1280.683,0.000284256901977642,EC000205
173.153859802443,C01571,M+H [1+],1158.93,0.000253918443007706,EC000206
162.054892282029,C01586,M-H2O+H [1+],811.205,2.73437410100996e-05,EC000207
263.237232785188,C01595,M-H2O+H [1+],1502.51,0.00032605041798206,EC000208
263.23725231627,C01595,M-H2O+H [1+],1440.346,0.000345581499971104,EC000209
298.274295319495,C01595,M+NH4 [1+],1553.487,0.000242051495035867,EC000208
255.111450508836,C01598,M+Na [1+],326.8685,0.00105474283600415,EC000210
449.136700488022,C01674,M+Na [1+],308.0745,0.00109181797802194,EC000211
285.083280400589,C01762,M+H [1+],680.426,0.000320264588992814,EC000212
777.693911658398,C01829,M+H [1+],984.404,4.58666021359022e-05,EC000213
130.050006468106,C01879,M+H [1+],508.349,0.000137373106014138,EC000214
130.05003235712,C01879,M+H [1+],275.958,0.000163262119997398,EC000215
130.050047905574,C01879,M+H [1+],687.9345,0.000178810573999044,EC000216
130.050060936078,C01879,M+H [1+],339.9925,0.000191841078020616,EC000217
130.050212727512,C01879,M+H [1+],1052.642,0.000343632511999203,EC000218
147.076766397891,C01879,M+NH4 [1+],275.969,0.000350302890979037,EC000215
147.076812170778,C01879,M+NH4 [1+],321.135,0.000396075777985061,EC000217
152.032376692369,C01879,M+Na [1+],339.05,0.000565597369018178,EC000217
152.03253094804,C01879,M+Na [1+],508.365,0.000719853040010321,EC000214
317.246620984923,C01953,M+H [1+],1416.626,0.000885283076968335,EC000219
347.2220411327,C02140,M+H [1+],1110.893,0.000355684699968606,EC000220
369.204178659306,C02140,M+Na [1+],1110.9155,0.000551211306003552,EC000220
319.225487326701,C02165,M-H2O+H [1+],1486.662,0.00124865206902314,EC000221
359.217874404246,C02165,M+Na [1+],818.2645,0.00140310775401531,EC000222
359.219533505933,C02165,M+Na [1+],1427.222,0.000255993932967158,EC000223
101.023401493731,C02170,M-H2O+H [1+],655.91,0.000116346961007707,EC00013
141.01606135372,C02170,M+Na [1+],656.2785,0.00023467372000141,EC00013
141.016078148134,C02170,M+Na [1+],508.981,0.000251468133996013,EC00014
335.222237760172,C02198,M-H2O+H [1+],1005.8305,0.000587159402016368,EC000130
335.22299509408,C02198,M-H2O+H [1+],806.1755,0.00134449331000042,EC000131
352.225154147928,C02198,M [1+],1072.456,0.000180013928002154,EC000130
353.232654575848,C02198,M+H [1+],1005.685,0.000404441848047554,EC000130
130.050006468106,C02237,M+H [1+],508.349,0.000137373106014138,EC000214
130.05003235712,C02237,M+H [1+],275.958,0.000163262119997398,EC000215
130.050047905574,C02237,M+H [1+],687.9345,0.000178810573999044,EC000216
130.050060936078,C02237,M+H [1+],339.9925,0.000191841078020616,EC000217
130.050212727512,C02237,M+H [1+],1052.642,0.000343632511999203,EC000218
147.076766397891,C02237,M+NH4 [1+],275.969,0.000350302890979037,EC000215
147.076812170778,C02237,M+NH4 [1+],321.135,0.000396075777985061,EC000217
152.032376692369,C02237,M+Na [1+],339.05,0.000565597369018178,EC000217
152.03253094804,C02237,M+Na [1+],508.365,0.000719853040010321,EC000214
149.045185440719,C02266,M+H [1+],944.07,0.000736074719014823,EC000224
171.026801465136,C02266,M+Na [1+],738.176,0.000410099136018971,EC000225
163.060094741005,C02336,M-H2O+H [1+],324.459,3.01582350061835e-05,EC0009
181.071016974499,C02336,M+H [1+],348.586,0.000352858499013564,EC0009
181.071018883403,C02336,M+H [1+],438.0305,0.000354767403024425,EC0009
198.097316033729,C02336,M+NH4 [1+],326.893,0.000104917728975806,EC0009
203.052682945384,C02336,M+Na [1+],1724.628,7.68293839996659e-05,EC00010
203.05271998889,C02336,M+Na [1+],277.978,0.000113872890011635,EC00011
203.052728767939,C02336,M+Na [1+],359.36,0.000122651938994522,EC0009
203.052743114194,C02336,M+Na [1+],316.6515,0.000136998193994486,EC0009
219.026700339592,C02336,M+K [1+],277.1125,0.000154223592005565,EC00011
219.026715441331,C02336,M+K [1+],314.3865,0.000169325331000891,EC0009
91.0388998333437,C02336,M+2H [2+],348.515,7.02246562980235e-05,EC0009
91.038935064777,C02336,M+2H [2+],438.0865,3.49932230108152e-05,EC0009
159.051666057341,C02350,M+H [1+],327.95,0.000400057341011006,EC000226
181.033472627864,C02350,M+Na [1+],293.499,0.000264627863998612,EC000226
181.033501630325,C02350,M+Na [1+],324.2625,0.000293630324989635,EC000226
197.007099087364,C02350,M+K [1+],292.6315,4.89126360037062e-05,EC000226
104.070689500832,C02356,M+H [1+],278.0685,8.49638319948554e-05,EC000110
149.045185440719,C02630,M+H [1+],944.07,0.000736074719014823,EC000224
171.026801465136,C02630,M+Na [1+],738.176,0.000410099136018971,EC000225
115.050241065878,C02642,M-H2O+H [1+],436.653,7.24671079979089e-05,EC00053
177.039453532385,C02670,M+H [1+],309.321,8.95443850197353e-05,EC000227
177.039712314402,C02670,M+H [1+],436.541,0.000348326402018984,EC000228
194.06604267189,C02670,M+NH4 [1+],436.164,0.00013168388997542,EC000228
237.087106985308,C02700,M+H [1+],718.783,0.000124103307996393,EC000229
237.087234490479,C02700,M+H [1+],763.636,0.000251608479004517,EC000230
147.044453878076,C02763,M-H2O+H [1+],649.478,0.000433289306016604,EC00060
165.054440003308,C02763,M+H [1+],649.508,0.000180118691986308,EC00060
165.054466957413,C02763,M+H [1+],344.2425,0.000153164586976118,EC00061
165.054497743427,C02763,M+H [1+],1255.632,0.00012237857299624,EC00062
165.054635445046,C02763,M+H [1+],782.27,1.53230460000486e-05,EC00063
182.081403366075,C02763,M+NH4 [1+],649.6135,0.00023624407498346,EC00060
182.08143703503,C02763,M+NH4 [1+],344.3555,0.000269913029995905,EC00061
127.049776277875,C02835,M+H [1+],700.8695,0.000427168125000321,EC00065
300.290118341053,C02934,M+H [1+],1171.0445,0.000412908053021965,EC000100
146.081542630335,C02946,M+H [1+],732.826,0.000373407335018783,EC000231
240.108976382901,C02953,M+H [1+],532.285,0.000138924098990856,EC00088
400.342451365996,C02990,M+H [1+],1310.52,0.00031643299598727,EC000232
230.04254692355,C03090,M+H [1+],811.262,0.00013266855000893,EC000233
104.070689500832,C03284,M+H [1+],278.0685,8.49638319948554e-05,EC000110
177.039453532385,C03289,M+H [1+],309.321,8.7532385009581e-05,EC000227
177.039712314402,C03289,M+H [1+],436.541,0.000346314402008829,EC000228
194.06604267189,C03289,M+NH4 [1+],436.164,0.000129671889965266,EC000228
265.056817906034,C03366,M+Na [1+],811.715,0.000827172033950774,EC000234
308.097949581644,C03410,M-H2O+H [1+],532.25,0.000377281874023083,EC000235
569.314671272785,C03428,M-H2O+H [1+],796.0335,0.000832235985058105,EC000236
114.055418576311,C03440,M-H2O+H [1+],339.842,0.000498950541000909,EC000133
132.065671411145,C03440,M+H [1+],276.479,0.00015225214499992,EC000134
474.173448547818,C03479,M+H [1+],728.161,0.000276422817989896,EC00078
118.050343652386,C03508,M+H [1+],318.441,0.000474557385999219,EC000237
140.032072450265,C03508,M+Na [1+],316.516,0.000261355264996155,EC000237
114.055418576311,C03564,M+H [1+],339.842,0.000464103310989117,EC000238
139.050386941655,C03680,M-H2O+H [1+],307.288,0.000218342885005995,EC000239
139.050446917061,C03680,M-H2O+H [1+],330.117,0.000278318291009327,EC000239
139.050456182555,C03680,M-H2O+H [1+],437.7535,0.000287583784995604,EC000240
157.061008271655,C03680,M+H [1+],294.385,0.000240139655005578,EC000239
317.246620984923,C03681,M+H [1+],1416.626,0.000885283076968335,EC000219
238.092426873832,C03684,M+H [1+],530.8245,0.00103836916798627,EC000177
238.092430589204,C03684,M+H [1+],340.5215,0.00103465379598333,EC000178
136.075832771691,C03758,M-H2O+H [1+],649.463,0.000177703921025341,EC000241
136.075881153096,C03758,M-H2O+H [1+],344.246,0.000226085326005432,EC000242
171.112910296762,C03758,M+NH4 [1+],314.8855,0.000108695762008892,EC000242
119.049258407013,C03765,M-H2O+H [1+],649.399,0.00015244024301353,EC000243
119.049310311456,C03765,M-H2O+H [1+],344.182,0.000204344686011382,EC000244
137.059912534544,C03765,M+H [1+],1024.8625,0.000207034544018825,EC000245
156.076874881756,C03771,M-H2O+H [1+],310.05,0.000157181985997568,EC000246
156.077143933068,C03771,M-H2O+H [1+],274.636,0.0004262332979863,EC000246
156.077282830585,C03771,M-H2O+H [1+],252.742,0.000565130815004977,EC000246
189.159929465112,C03793,M+H [1+],263.296,0.00017557111200972,EC000247
317.246620984923,C04042,M+H [1+],1416.626,0.000885283076968335,EC000219
146.081542630335,C04076,M+H [1+],732.826,0.000373407335018783,EC000231
240.108976382901,C04244,M+H [1+],532.285,0.000138924098990856,EC00088
130.050006468106,C04281,M+H [1+],508.349,0.000137373106014138,EC000214
130.05003235712,C04281,M+H [1+],275.958,0.000163262119997398,EC000215
130.050047905574,C04281,M+H [1+],687.9345,0.000178810573999044,EC000216
130.050060936078,C04281,M+H [1+],339.9925,0.000191841078020616,EC000217
130.050212727512,C04281,M+H [1+],1052.642,0.000343632511999203,EC000218
147.076766397891,C04281,M+NH4 [1+],275.969,0.000350302890979037,EC000215
147.076812170778,C04281,M+NH4 [1+],321.135,0.000396075777985061,EC000217
152.032376692369,C04281,M+Na [1+],339.05,0.000565597369018178,EC000217
152.03253094804,C04281,M+Na [1+],508.365,0.000719853040010321,EC000214
130.050006468106,C04282,M+H [1+],508.349,0.000137373106014138,EC000214
130.05003235712,C04282,M+H [1+],275.958,0.000163262119997398,EC000215
130.050047905574,C04282,M+H [1+],687.9345,0.000178810573999044,EC000216
130.050060936078,C04282,M+H [1+],339.9925,0.000191841078020616,EC000217
130.050212727512,C04282,M+H [1+],1052.642,0.000343632511999203,EC000218
147.076766397891,C04282,M+NH4 [1+],275.969,0.000350302890979037,EC000215
147.076812170778,C04282,M+NH4 [1+],321.135,0.000396075777985061,EC000217
152.032376692369,C04282,M+Na [1+],339.05,0.000565597369018178,EC000217
152.03253094804,C04282,M+Na [1+],508.365,0.000719853040010321,EC000214
403.091764507516,C04352,M+H [1+],339.568,0.00169903848399144,EC000248
347.022250960098,C04646,M-H2O+H [1+],310.3745,0.00131850132800082,EC000249
387.011750959477,C04646,M+Na [1+],247.6825,0.00172303252298889,EC000250
303.232488278864,C04742,M-H2O+H [1+],1530.2495,0.000666922094012534,EC000251
321.241654988675,C04742,M+H [1+],1549.6335,0.000765901324996321,EC000251
338.269190733968,C04742,M+NH4 [1+],1530.021,0.000222843968003872,EC000251
343.22416447823,C04742,M+Na [1+],1572.7495,0.000198411769986251,EC000251
343.224608396255,C04742,M+Na [1+],1530.2515,0.000245506254998418,EC000251
359.199053385309,C04742,M+K [1+],1530.25,0.000750495308977861,EC000251
303.232488278864,C04805,M-H2O+H [1+],1530.2495,0.000666922094012534,EC000251
321.241654988675,C04805,M+H [1+],1549.6335,0.000765901324996321,EC000251
338.269190733968,C04805,M+NH4 [1+],1530.021,0.000222843968003872,EC000251
343.22416447823,C04805,M+Na [1+],1572.7495,0.000198411769986251,EC000251
343.224608396255,C04805,M+Na [1+],1530.2515,0.000245506254998418,EC000251
359.199053385309,C04805,M+K [1+],1530.25,0.000750495308977861,EC000251
335.222237760172,C04853,M-H2O+H [1+],1005.8305,0.000587159402016368,EC000130
335.22299509408,C04853,M-H2O+H [1+],806.1755,0.00134449331000042,EC000131
352.225154147928,C04853,M [1+],1072.456,0.000180013928002154,EC000130
353.232654575848,C04853,M+H [1+],1005.685,0.000404441848047554,EC000130
238.092426873832,C04874,M-H2O+H [1+],530.8245,0.00100352193797448,EC000252
238.092430589204,C04874,M-H2O+H [1+],340.5215,0.000999806565971539,EC000253
516.299378374073,C05122,M+H [1+],947.0475,0.000428885072892626,EC000254
533.325679666375,C05122,M+NH4 [1+],947.0745,0.000183177374992738,EC000254
126.10271099204,C05127,M+H [1+],270.903,0.000137625039997147,EC000255
325.176016950742,C05140,M+Na [1+],718.0405,0.00139574725801594,EC000256
114.055418576311,C05147,M-H2O+H [1+],339.842,0.000498950541000909,EC000133
132.065671411145,C05147,M+H [1+],276.479,0.00015225214499992,EC000134
325.176016950742,C05284,M+Na [1+],718.0405,0.00139574725801594,EC000256
318.206869856899,C05285,M+NH4 [1+],1084.028,0.000502222899001481,EC000257
323.162148320208,C05285,M+Na [1+],1113.9325,0.000385686208005609,EC000257
325.176016950742,C05290,M+Na [1+],718.0405,0.00139574725801594,EC000256
325.176016950742,C05295,M+Na [1+],718.0405,0.00139574725801594,EC000256
318.206869856899,C05297,M+NH4 [1+],1084.028,0.000502222899001481,EC000257
323.162148320208,C05297,M+Na [1+],1113.9325,0.000385686208005609,EC000257
318.206869856899,C05299,M+NH4 [1+],1084.028,0.000502222899001481,EC000257
323.162148320208,C05299,M+Na [1+],1113.9325,0.000385686208005609,EC000257
325.176016950742,C05302,M+Na [1+],718.0405,0.00139574725801594,EC000256
122.096523919167,C05332,M+H [1+],682.415,9.8562166996885e-05,EC000258
122.096543969878,C05332,M+H [1+],1727.329,0.000118612877997748,EC000259
139.123102059338,C05332,M+NH4 [1+],1712.745,0.00012970233800047,EC000259
139.123116388749,C05332,M+NH4 [1+],1681.117,0.000144031748988027,EC000259
319.225487326701,C05356,M-H2O+H [1+],1486.662,0.00124865206902314,EC000221
359.217874404246,C05356,M+Na [1+],818.2645,0.00140310775401531,EC000222
359.219533505933,C05356,M+Na [1+],1427.222,0.000255993932967158,EC000223
191.017677549299,C05379,M+H [1+],309.327,0.000950996700993301,EC000260
191.017726066402,C05379,M+H [1+],462.3525,0.000902479598011041,EC000261
212.999601615459,C05379,M+Na [1+],308.239,0.00096893054100633,EC000260
367.121317518292,C05399,M+Na [1+],295.1565,0.000237908292035627,EC000262
325.112957449347,C05400,M-H2O+H [1+],277.8195,6.94365770073091e-05,EC00033
325.113120232059,C05400,M-H2O+H [1+],324.472,0.000232219288989199,EC00034
343.123600572039,C05400,M+H [1+],325.041,0.000113026039002762,EC00034
325.112957449347,C05402,M-H2O+H [1+],277.8195,7.09825769718009e-05,EC00033
325.113120232059,C05402,M-H2O+H [1+],324.472,0.000233765288953691,EC00034
343.123600572039,C05402,M+H [1+],325.041,0.000114572038967253,EC00034
472.303698973714,C05466,M+Na [1+],1091.674,0.000357482714036905,EC000263
345.206350430547,C05469,M-H2O+H [1+],1077.977,0.000349893777013222,EC000166
363.216973871578,C05469,M+H [1+],1017.252,0.00037380157800726,EC000166
385.197178731921,C05469,M+Na [1+],718.0335,0.00136333807898836,EC000167
347.2220411327,C05471,M-H2O+H [1+],1110.893,0.000390531930008819,EC000264
347.2220411327,C05473,M-H2O+H [1+],1110.893,0.000390531930008819,EC000264
373.234930704276,C05476,M+Na [1+],1605.992,3.12827597781506e-06,EC000265
349.237525695471,C05478,M+H [1+],977.751,0.00019018347097699,EC000266
371.217908335259,C05478,M+Na [1+],716.005,0.00136917674103643,EC000267
317.246620984923,C05479,M+H [1+],1416.626,0.000885015076960372,EC000219
349.237525695471,C05487,M+H [1+],977.751,0.00019018347097699,EC000266
371.217908335259,C05487,M+Na [1+],716.005,0.00136917674103643,EC000267
347.2220411327,C05488,M+H [1+],1110.893,0.000355684699968606,EC000220
369.204178659306,C05488,M+Na [1+],1110.9155,0.000551211306003552,EC000220
347.2220411327,C05489,M-H2O+H [1+],1110.893,0.000390531930008819,EC000264
345.206350430547,C05490,M+H [1+],1077.977,0.000315046546973008,EC000268
347.2220411327,C05497,M+H [1+],1110.893,0.000355684699968606,EC000220
369.204178659306,C05497,M+Na [1+],1110.9155,0.000551211306003552,EC000220
315.195622212511,C05498,M-H2O+H [1+],1070.5385,0.00018636174098674,EC000269
315.195638845893,C05498,M-H2O+H [1+],1267.4395,0.000202995122947414,EC000270
102.055105238593,C05519,M-H2O+H [1+],438.685,0.000185612823003112,EC00070
120.065693644224,C05519,M+H [1+],276.913,0.00017448522399377,EC00071
120.065768783934,C05519,M+H [1+],321.358,0.000249624933999826,EC00072
142.047695500211,C05519,M+Na [1+],275.951,0.000234341211012179,EC00071
142.047794461351,C05519,M+Na [1+],314.42,0.000333302351009479,EC00072
167.033554511104,C05580,M-H2O+H [1+],822.5345,0.000295321665987558,EC000271
202.071161412498,C05580,M+NH4 [1+],828.6345,0.000165046497983212,EC000271
207.02646568252,C05580,M+Na [1+],827.762,7.43165200276508e-05,EC000271
149.060059218785,C05581,M-H2O+H [1+],718.032,0.000388566015004699,EC000272
167.070312099257,C05581,M+H [1+],1004.1995,4.19132570073089e-05,EC000273
184.097063269544,C05581,M+NH4 [1+],718.03,0.000246083543999021,EC000272
165.054440003308,C05582,M-H2O+H [1+],649.508,0.000145271462002938,EC000274
165.054466957413,C05582,M-H2O+H [1+],344.2425,0.000118317356992748,EC000275
165.054497743427,C05582,M-H2O+H [1+],1255.632,8.75313430128699e-05,EC000276
165.054635445046,C05582,M-H2O+H [1+],782.27,5.01702759834188e-05,EC000277
183.06555396175,C05582,M+H [1+],1255.625,0.000369153750000351,EC000276
200.091944518478,C05582,M+NH4 [1+],782.4195,0.000212710477967448,EC000277
165.054440003308,C05583,M-H2O+H [1+],649.508,0.000145271462002938,EC000274
165.054466957413,C05583,M-H2O+H [1+],344.2425,0.000118317356992748,EC000275
165.054497743427,C05583,M-H2O+H [1+],1255.632,8.75313430128699e-05,EC000276
165.054635445046,C05583,M-H2O+H [1+],782.27,5.01702759834188e-05,EC000277
183.06555396175,C05583,M+H [1+],1255.625,0.000369153750000351,EC000276
200.091944518478,C05583,M+NH4 [1+],782.4195,0.000212710477967448,EC000277
166.086017936165,C05589,M-H2O+H [1+],718.033,0.000201817604988719,EC000174
184.097063269544,C05589,M+H [1+],718.03,0.000243982544020582,EC000174
167.070312099257,C05594,M-H2O+H [1+],1004.1995,7.67604869906791e-05,EC000151
176.070880288229,C05598,M-H2O+H [1+],1008.161,0.00031059845900927,EC000278
194.081323079827,C05598,M+H [1+],880.353,0.000153856827012078,EC000279
216.063161430413,C05598,M+Na [1+],880.2215,5.02074130110941e-05,EC000279
176.070880288229,C05634,M+H [1+],1008.161,0.0002757512290259,EC000187
192.065606648601,C05635,M+H [1+],726.113,8.74896010145676e-05,EC000280
192.065635661249,C05635,M+H [1+],873.165,0.00011650224899995,EC000281
209.092174606121,C05635,M+NH4 [1+],726.1195,0.00010844712099356,EC000280
144.044736250821,C05637,M-H2O+H [1+],763.6385,0.000381311051000921,EC000282
162.054892282029,C05637,M+H [1+],811.205,6.21909709934698e-05,EC000283
144.044736250821,C05639,M-H2O+H [1+],763.6385,0.000381311051000921,EC000282
162.054892282029,C05639,M+H [1+],811.205,6.21909709934698e-05,EC000283
247.107982877408,C05642,M-H2O+H [1+],912.241,0.000299400638027691,EC000284
265.117629571747,C05642,M+H [1+],823.8355,0.000653438252982141,EC000284
206.044862233882,C05645,M-H2O+H [1+],748.837,0.000113364111996361,EC000285
191.08162507833,C05647,M-H2O+H [1+],697.9385,0.000156351560008261,EC000103
209.092174606121,C05647,M+H [1+],726.1195,0.000106346121015122,EC000103
226.118983297716,C05647,M+NH4 [1+],718.03,0.000368037715986702,EC000103
231.073934491047,C05647,M+Na [1+],726.602,7.57689529962136e-05,EC000103
188.070743554273,C05660,M-H2O+H [1+],763.603,0.0001738645030116,EC000286
206.081310275735,C05660,M+H [1+],933.978,0.000141052735017411,EC000287
223.107488826631,C05660,M+NH4 [1+],934.1235,0.000227396369012922,EC000287
223.107916469115,C05660,M+NH4 [1+],753.957,0.000200246114985703,EC000286
228.063331476696,C05660,M+Na [1+],933.9395,0.000220253695999872,EC000287
147.053209356052,C05827,M+Na [1+],1729.405,0.000328468052003927,EC000288
123.055396734029,C05828,M-H2O+H [1+],308.8085,0.000142757259013138,EC000289
123.055473077575,C05828,M-H2O+H [1+],438.5435,0.000219100805011863,EC000290
141.066067680574,C05828,M+H [1+],435.573,0.000214170574025729,EC000290
153.066193871498,C05842,M+H [1+],354.223,0.000340361498018638,EC000291
153.066242003453,C05842,M+H [1+],667.5655,0.000388493453016281,EC000292
175.048052218453,C05842,M+Na [1+],665.6525,0.000256708453008514,EC000292
153.066193871498,C05843,M+H [1+],354.223,0.000340361498018638,EC000291
153.066242003453,C05843,M+H [1+],667.5655,0.000388493453016281,EC000292
175.048052218453,C05843,M+Na [1+],665.6525,0.000256708453008514,EC000292
112.075803930299,C05936,M-H2O+H [1+],1712.7245,0.000148862529016469,EC000121
130.086360969734,C05936,M+H [1+],707.951,0.000106368734009266,EC000122
130.086393027269,C05936,M+H [1+],728.586,0.000138426269018055,EC000122
130.0863995747,C05936,M+H [1+],250.1985,0.000144973700031414,EC000123
130.086405892032,C05936,M+H [1+],307.2885,0.000151291032011613,EC000124
130.086414802039,C05936,M+H [1+],332.4515,0.000160201039022922,EC000124
130.086457315191,C05936,M+H [1+],436.6165,0.000202714191033238,EC000125
147.113143475773,C05936,M+NH4 [1+],250.7095,0.000341874772999518,EC000123
147.113404035782,C05936,M+NH4 [1+],305.5735,0.000602434781995953,EC000124
152.068622093767,C05936,M+Na [1+],304.433,0.000425492767021751,EC000124
152.068679297586,C05936,M+Na [1+],708.422,0.000482696586004749,EC000122
130.050006468106,C05938,M-H2O+H [1+],508.349,0.000172220335997508,EC0003
130.05003235712,C05938,M-H2O+H [1+],275.958,0.000198109349980768,EC0004
130.050047905574,C05938,M-H2O+H [1+],687.9345,0.000213657803982414,EC0005
130.050060936078,C05938,M-H2O+H [1+],339.9925,0.000226688308003986,EC0004
130.050212727512,C05938,M-H2O+H [1+],1052.642,0.000378479741982574,EC0006
148.060858216062,C05938,M+H [1+],279.065,0.000424435062001294,EC0004
170.041721886347,C05938,M+Na [1+],308.787,0.000653894652998588,EC0004
170.04244950864,C05938,M+Na [1+],279.722,7.37276400002429e-05,EC0004
319.225487326701,C05965,M-H2O+H [1+],1486.662,0.00124865206902314,EC000221
359.217874404246,C05965,M+Na [1+],818.2645,0.00140310775401531,EC000222
359.219533505933,C05965,M+Na [1+],1427.222,0.000255993932967158,EC000223
319.225487326701,C05966,M-H2O+H [1+],1486.662,0.00124865206902314,EC000221
359.217874404246,C05966,M+Na [1+],818.2645,0.00140310775401531,EC000222
359.219533505933,C05966,M+Na [1+],1427.222,0.000255993932967158,EC000223
105.054725936926,C05984,M+H [1+],636.227,0.000105814926001813,EC000197
122.08130745862,C05984,M+NH4 [1+],635.997,0.000140336620006565,EC000197
127.036987707377,C05984,M+Na [1+],635.21,0.00042558537700188,EC000197
87.0439343249392,C05984,M-H2O+H [1+],1217.132,8.62638307950192e-05,EC000198
105.054725936926,C06001,M+H [1+],636.227,0.000105814926001813,EC000197
122.08130745862,C06001,M+NH4 [1+],635.997,0.000140336620006565,EC000197
127.036987707377,C06001,M+Na [1+],635.21,0.00042558537700188,EC000197
87.0439343249392,C06001,M-H2O+H [1+],1217.132,8.62638307950192e-05,EC000198
125.021075643973,C06002,M+Na [1+],513.402,0.000163585973012914,EC00037
125.021131775763,C06002,M+Na [1+],474.9575,0.000219717763002336,EC00037
362.245781671594,C06124,M-H2O+H [1+],1211.569,0.000345361823974599,EC000293
380.256325840538,C06124,M+H [1+],1211.4125,0.000289997538004627,EC000293
402.238315973286,C06124,M+Na [1+],1211.324,0.000338130285967964,EC000293
790.997761151888,C06198,M+H [1+],1365.502,0.00334405411206262,EC000294
812.985448408886,C06198,M+Na [1+],277.796,0.00240120288594881,EC000295
127.111892325659,C06423,M-H2O+H [1+],925.708,0.000186102888989126,EC000296
127.111918338488,C06423,M-H2O+H [1+],1454.982,0.000212115717985739,EC000297
145.122744868603,C06423,M+H [1+],931.4075,0.000439112603004332,EC000296
145.122803229167,C06423,M+H [1+],1288.667,0.000497473167001772,EC000298
183.078328960127,C06423,M+K [1+],996.539,0.000141204127004357,EC000296
73.0645365931063,C06423,M+2H [2+],817.974,0.00025428489371393,EC000296
261.221576005453,C06426,M-H2O+H [1+],1709.741,0.000319334683013039,EC000299
279.232163394124,C06426,M+H [1+],1465.952,0.000307190123976397,EC000300
296.258673822567,C06426,M+NH4 [1+],1499.628,0.000270618567014935,EC000300
296.258684473218,C06426,M+NH4 [1+],1466.122,0.000281269218021407,EC000300
301.21266337184,C06426,M+Na [1+],813.2925,0.00113483216000532,EC000301
261.221576005453,C06427,M-H2O+H [1+],1709.741,0.000319334683013039,EC000299
279.232163394124,C06427,M+H [1+],1465.952,0.000307190123976397,EC000300
296.258673822567,C06427,M+NH4 [1+],1499.628,0.000270618567014935,EC000300
296.258684473218,C06427,M+NH4 [1+],1466.122,0.000281269218021407,EC000300
301.21266337184,C06427,M+Na [1+],813.2925,0.00113483216000532,EC000301
303.232488278864,C06428,M+H [1+],1530.2495,0.000632074864029164,EC000302
329.24779174819,C06429,M+H [1+],1302.708,0.00028548019002983,EC000303
346.274328209509,C06429,M+NH4 [1+],1302.5725,0.0002749415090193,EC000303
351.22981431316,C06429,M+Na [1+],1302.718,0.000366045159978512,EC000303
151.075809576036,C06459,M-H2O+H [1+],1153.483,0.00072310926600494,EC000304
119.049258407013,C07086,M-H2O+H [1+],649.399,0.00015244024301353,EC000243
119.049310311456,C07086,M-H2O+H [1+],344.182,0.000204344686011382,EC000244
137.059912534544,C07086,M+H [1+],1024.8625,0.000207034544018825,EC000245
315.004058733471,C07646,M+Na [1+],16.2565,0.00019182947102081,EC000305
477.24986060859,C11061,M+H [1+],748.485,0.00156648058998599,EC000306
300.290118341053,C12144,M-H2O+H [1+],1171.0445,0.000447755283005336,EC000307
318.300595356295,C12144,M+H [1+],1043.548,0.000325237294987346,EC000308
305.09856461449,C12270,M+H [1+],347.606,0.000623116489975928,EC000309
303.232488278864,C14748,M-H2O+H [1+],1530.2495,0.000666922094012534,EC000251
321.241654988675,C14748,M+H [1+],1549.6335,0.000765901324996321,EC000251
338.269190733968,C14748,M+NH4 [1+],1530.021,0.000222843968003872,EC000251
343.22416447823,C14748,M+Na [1+],1572.7495,0.000198411769986251,EC000251
343.224608396255,C14748,M+Na [1+],1530.2515,0.000245506254998418,EC000251
359.199053385309,C14748,M+K [1+],1530.25,0.000750495308977861,EC000251
303.232488278864,C14749,M-H2O+H [1+],1530.2495,0.000666922094012534,EC000251
321.241654988675,C14749,M+H [1+],1549.6335,0.000765901324996321,EC000251
338.269190733968,C14749,M+NH4 [1+],1530.021,0.000222843968003872,EC000251
343.22416447823,C14749,M+Na [1+],1572.7495,0.000198411769986251,EC000251
343.224608396255,C14749,M+Na [1+],1530.2515,0.000245506254998418,EC000251
359.199053385309,C14749,M+K [1+],1530.25,0.000750495308977861,EC000251
303.232488278864,C14768,M-H2O+H [1+],1530.2495,0.000666922094012534,EC000251
321.241654988675,C14768,M+H [1+],1549.6335,0.000765901324996321,EC000251
338.269190733968,C14768,M+NH4 [1+],1530.021,0.000222843968003872,EC000251
343.22416447823,C14768,M+Na [1+],1572.7495,0.000198411769986251,EC000251
343.224608396255,C14768,M+Na [1+],1530.2515,0.000245506254998418,EC000251
359.199053385309,C14768,M+K [1+],1530.25,0.000750495308977861,EC000251
303.232488278864,C14769,M-H2O+H [1+],1530.2495,0.000666922094012534,EC000251
321.241654988675,C14769,M+H [1+],1549.6335,0.000765901324996321,EC000251
338.269190733968,C14769,M+NH4 [1+],1530.021,0.000222843968003872,EC000251
343.22416447823,C14769,M+Na [1+],1572.7495,0.000198411769986251,EC000251
343.224608396255,C14769,M+Na [1+],1530.2515,0.000245506254998418,EC000251
359.199053385309,C14769,M+K [1+],1530.25,0.000750495308977861,EC000251
303.232488278864,C14770,M-H2O+H [1+],1530.2495,0.000666922094012534,EC000251
321.241654988675,C14770,M+H [1+],1549.6335,0.000765901324996321,EC000251
338.269190733968,C14770,M+NH4 [1+],1530.021,0.000222843968003872,EC000251
343.22416447823,C14770,M+Na [1+],1572.7495,0.000198411769986251,EC000251
343.224608396255,C14770,M+Na [1+],1530.2515,0.000245506254998418,EC000251
359.199053385309,C14770,M+K [1+],1530.25,0.000750495308977861,EC000251
303.232488278864,C14771,M-H2O+H [1+],1530.2495,0.000666922094012534,EC000251
321.241654988675,C14771,M+H [1+],1549.6335,0.000765901324996321,EC000251
338.269190733968,C14771,M+NH4 [1+],1530.021,0.000222843968003872,EC000251
343.22416447823,C14771,M+Na [1+],1572.7495,0.000198411769986251,EC000251
343.224608396255,C14771,M+Na [1+],1530.2515,0.000245506254998418,EC000251
359.199053385309,C14771,M+K [1+],1530.25,0.000750495308977861,EC000251
321.241654988675,C14772,M-H2O+H [1+],1549.6335,0.000731054095012951,EC000310
361.233173279841,C14772,M+Na [1+],805.2845,0.00175429615899247,EC000311
321.241654988675,C14773,M-H2O+H [1+],1549.6335,0.000731054095012951,EC000310
361.233173279841,C14773,M+Na [1+],805.2845,0.00175429615899247,EC000311
321.241654988675,C14774,M-H2O+H [1+],1549.6335,0.000731054095012951,EC000310
361.233173279841,C14774,M+Na [1+],805.2845,0.00175429615899247,EC000311
321.241654988675,C14775,M-H2O+H [1+],1549.6335,0.000731054095012951,EC000310
361.233173279841,C14775,M+Na [1+],805.2845,0.00175429615899247,EC000311
303.232488278864,C14778,M-H2O+H [1+],1530.2495,0.000666922094012534,EC000251
321.241654988675,C14778,M+H [1+],1549.6335,0.000765901324996321,EC000251
338.269190733968,C14778,M+NH4 [1+],1530.021,0.000222843968003872,EC000251
343.22416447823,C14778,M+Na [1+],1572.7495,0.000198411769986251,EC000251
343.224608396255,C14778,M+Na [1+],1530.2515,0.000245506254998418,EC000251
359.199053385309,C14778,M+K [1+],1530.25,0.000750495308977861,EC000251
319.225487326701,C14781,M-H2O+H [1+],1486.662,0.00124865206902314,EC000221
359.217874404246,C14781,M+Na [1+],818.2645,0.00140310775401531,EC000222
359.219533505933,C14781,M+Na [1+],1427.222,0.000255993932967158,EC000223
190.050094566845,C14800,M+H [1+],775.6525,0.000225471844998992,EC000312
190.050094566845,C14801,M-H2O+H [1+],775.6525,0.000260319074982363,EC000204
208.060548905368,C14801,M+H [1+],811.1145,0.000115124367994213,EC000204
230.04254692355,C14801,M+Na [1+],811.262,0.000171142549987735,EC000204
190.050094566845,C14802,M+H [1+],775.6525,0.000225471844998992,EC000312
319.225487326701,C14812,M-H2O+H [1+],1486.662,0.00124865206902314,EC000221
359.217874404246,C14812,M+Na [1+],818.2645,0.00140310775401531,EC000222
359.219533505933,C14812,M+Na [1+],1427.222,0.000255993932967158,EC000223
319.225487326701,C14813,M-H2O+H [1+],1486.662,0.00124865206902314,EC000221
359.217874404246,C14813,M+Na [1+],818.2645,0.00140310775401531,EC000222
359.219533505933,C14813,M+Na [1+],1427.222,0.000255993932967158,EC000223
319.225487326701,C14823,M-H2O+H [1+],1486.662,0.00124865206902314,EC000221
359.217874404246,C14823,M+Na [1+],818.2645,0.00140310775401531,EC000222
359.219533505933,C14823,M+Na [1+],1427.222,0.000255993932967158,EC000223
279.232163394124,C14825,M-H2O+H [1+],1465.952,0.000342037353959768,EC000313
319.225487326701,C14825,M+Na [1+],1486.662,0.00112443670099083,EC000313
279.232163394124,C14826,M-H2O+H [1+],1465.952,0.000342037353959768,EC000313
319.225487326701,C14826,M+Na [1+],1486.662,0.00112443670099083,EC000313
287.106563626614,C14852,M+H [1+],701.959,9.20653860134735e-05,EC000314
301.216446282179,C15493,M+H [1+],1449.4685,0.000240142178995484,EC000168
240.108976382901,C15522,M-H2O+H [1+],532.285,0.000104076868979064,EC000315
821.369894792789,C15672,M-H2O+H [1+],767.175,0.0024447929811231,EC000316
207.050745756954,C16241,M+H [1+],260.349,5.13150459937606e-05,EC000317
149.045185440719,C16353,M-H2O+H [1+],944.07,0.000566482050999184,EC000318
149.045185440719,C16358,M-H2O+H [1+],944.07,0.000566482050999184,EC000318
233.164869692014,C16560,M-H2O+H [1+],1423.723,6.52672439969137e-05,EC000319
237.087106985308,C16582,M-H2O+H [1+],718.783,0.000158950538008185,EC000320
237.087234490479,C16582,M-H2O+H [1+],763.636,0.000286455709016309,EC000321
237.087106985308,C16584,M-H2O+H [1+],718.783,0.000158950538008185,EC000320
237.087234490479,C16584,M-H2O+H [1+],763.636,0.000286455709016309,EC000321
176.070880288229,C16587,M-H2O+H [1+],1008.161,0.00031059845900927,EC000278
194.081323079827,C16587,M+H [1+],880.353,0.000153856827012078,EC000279
216.063161430413,C16587,M+Na [1+],880.2215,5.02074130110941e-05,EC000279
192.065606648601,C16591,M-H2O+H [1+],726.113,0.000122336830997938,EC000322
192.065635661249,C16591,M-H2O+H [1+],873.165,0.00015134947898332,EC000323
227.102628739614,C16591,M+NH4 [1+],710.025,2.10538601663757e-06,EC000322
176.070880288229,C16595,M-H2O+H [1+],1008.161,0.00031059845900927,EC000278
194.081323079827,C16595,M+H [1+],880.353,0.000153856827012078,EC000279
216.063161430413,C16595,M+Na [1+],880.2215,5.02074130110941e-05,EC000279
192.065606648601,C16596,M+H [1+],726.113,8.74896010145676e-05,EC000280
192.065635661249,C16596,M+H [1+],873.165,0.00011650224899995,EC000281
209.092174606121,C16596,M+NH4 [1+],726.1195,0.00010844712099356,EC000280
299.200581420572,C16677,M-H2O+H [1+],1277.402,6.01918019924597e-05,EC000324
339.191581218428,C16677,M+Na [1+],762.63,0.00148154357202657,EC000325
299.200581420572,C16679,M-H2O+H [1+],1277.402,6.01918019924597e-05,EC000324
339.191581218428,C16679,M+Na [1+],762.63,0.00148154357202657,EC000325
299.200581420572,C16680,M-H2O+H [1+],1277.402,6.01918019924597e-05,EC000324
339.191581218428,C16680,M+Na [1+],762.63,0.00148154357202657,EC000325
163.107756675861,C16741,M+H [1+],249.249,3.83518610078681e-05,EC000326
379.195438478492,C18044,M-H2O+H [1+],735.742,0.00171718772202212,EC000327
364.065396842456,C18239,M+H [1+],305.792,0.00012188145598202,EC00048
326.215141583968,C19691,M+H [1+],1614.461,0.000315652967969982,EC000328
322.077216377346,C20775,M+H [1+],339.4725,0.000340377346049081,EC000329
339.104828451043,C20775,M+NH4 [1+],339.1045,0.00140545104301282,EC000329
344.059676587573,C20775,M+Na [1+],338.905,0.000858587573020486,EC000329
290.134601953072,C21016,M+H [1+],309.334,7.40469280344769e-05,EC000330
290.135029180463,C21016,M+H [1+],1736.0645,0.000353180462980163,EC000331
129.065939677386,C21028,M+H [1+],1711.0225,6.36773860094308e-05,EC000332
129.065952741005,C21028,M+H [1+],287.633,7.67410049888895e-05,EC000333
129.065972950365,C21028,M+H [1+],1685.632,9.6950364991244e-05,EC000332
129.066029249114,C21028,M+H [1+],1598.4665,0.000153249113992615,EC000334
129.065939677386,C21029,M-H2O+H [1+],1711.0225,0.00016321061602298,EC00021
129.065952741005,C21029,M-H2O+H [1+],287.633,0.000176274235002438,EC00022
129.065972950365,C21029,M-H2O+H [1+],1685.632,0.000196483595004793,EC00021
129.066029249114,C21029,M-H2O+H [1+],1598.4665,0.000252782344006164,EC00023
147.076642882391,C21029,M+H [1+],1733.153,0.000266882391031231,EC00021
147.076766397891,C21029,M+H [1+],275.969,0.000390397891010252,EC00022
147.076812170778,C21029,M+H [1+],321.135,0.000436170778016276,EC00022
169.058295312213,C21029,M+Na [1+],313.858,2.26877869806685e-05,EC00022
169.058319958809,C21029,M+Na [1+],274.451,1.9588090083289e-06,EC00022
240.108976382901,C21640,M+H [1+],532.285,9.96170989822076e-05,EC00088
129.018389605565,C21943,M+Na [1+],530.792,0.000128394434995016,EC000335
129.018393239487,C21943,M+Na [1+],339.3405,0.000124760512989042,EC000336
226.188435939705,G00001,M+Na [1+],1114.493,0.000782060294994835,EC000337
226.188435939705,G00023,M+Na [1+],1114.493,0.000782060294994835,EC000337
598.499495348782,G00108,M-H2O+H [1+],1675.7775,0.00281888201197944,EC000338
616.510158901312,G00108,M+H [1+],1464.81,0.00288290131197755,EC000339
226.188435939705,G00143,M+Na [1+],1114.493,0.000782060294994835,EC000337
486.390425258123,G01391,M+Na [1+],1589.37,0.00120725812303135,EC000340
163.107756675861,G10617,M+H [1+],249.249,0.000480675861012969,EC000326
163.107756675861,G10618,M+H [1+],249.249,0.000480675861012969,EC000326
163.107756675861,G13027,M+H [1+],249.249,0.000480675861012969,EC000326
